,total_equity,debt_service_coverage_ratio,leverage_ratio,return_on_assets,return_on_equity,receivables_turnover_ratio,asset_growth,profit_growth,revenue_growth,total_assets,sector_rate,fs_year,label
mean,3585157.6822602646,0.2440746124932899,18.567561313015783,2.6592349607787447,16.640504902551125,57.218041779420545,0.058000175588559355,-2.167171483129561,695.9351975709893,11113956.673939828,0.012942203592808515,0,0
perc_1,-426687.03999999986,-0.4894420015518771,-126.45802540790716,-23.28,-543.878555315591,0.0,-0.42887699276871677,-53.821990179414534,-1.0,1520057.28,0.008326,0,0
perc_99,37007506.879999995,2.328603863459188,403.6997745312459,30.59,249.12188180563555,83.48582679616321,1.1616939300933276,35.391138553052926,727.5024337075707,103414095.32,0.015449,0,0
mean_standardize,-2.102791974968053e-06,0.00013033529130344757,4.247293968800123e-06,-9.83037935763161e-17,2.183800927747362e-06,-6.158077724662992e-08,-2.385697793748112e-07,-2.342372789471843e-06,2.5547878556556727e-18,1.4320029187820424e-07,0.012942203592808515,0,0
std_standardize,1.0000283561471974,0.9992314531723558,1.0000386534785817,1.0000004885254976,1.0000294168787303,1.000000334688754,1.000003523606588,1.0000033790539158,1.0000004885258853,1.0000003609881865,0.002406584672867358,0,0
